video_id,title,description
SfoPTgt4jXs,New Champion Arrives! Little Prince! (Unlock for Free!),"Unlock the new Champion, Little Prince, for FREE from November 6!

Twitter ‚ñ∫ https://twitter.com/ClashRoyale/
Instagram ‚ñ∫ https://www.instagram.com/clashroyale
TikTok ‚ñ∫ https://www.tiktok.com/@clashroyale
Facebook ‚ñ∫ https://www.facebook.com/ClashRoyale/

ENTER THE ARENA
Build your Battle Deck and outsmart the enemy in fast real-time battles. From the creators of CLASH OF CLANS comes a real-time multiplayer battle game starring your favourite Clash characters and more. Start battling against players from around the world!

BECOME A MASTER OF STRATEGY AND DECK BUILDING
Choose unique Cards to your Battle Deck and head to the Arena for Battle!
Place your Cards right and knock down the enemy King and Princesses from their Towers in a strategic and fast-paced match.

COLLECT AND UPGRADE 100+ CARDS
Hog Rider! Collect and upgrade 100+ Cards featuring the Clash of Clans troops, spells and defences you know and love and many others. Win battles and progress to new Arenas to unlock powerful new Cards to your collection!

BATTLE YOUR WAY TO THE TOP
Battle your way to the League and Global Tournaments to match against the best players in the world.
Compete for glory and rewards!

SEASONAL EVENTS
Unlock new Seasonal items like Tower Skins, Emotes and powerful Magic Items with the Season Pass and participate in fun Challenges that put your skills to the test!

JOIN A CLAN AND GO TO WAR
Join or form a Clan with other players to share Cards and battle in Clan Wars for BIG rewards!

See you in the Arena!
#ClashRoyale #gaming #littleprince"
KFEoS80xBCE,YoungBoy Never Broke Again - Return of Goldie [Official Music Video],"YoungBoy Never Broke Again ‚Äì  
Stream/Download: https://youngboy.lnk.to/MaIGotAFamily
 
Subscribe for more official content from YoungBoy NBA: 
https://youngboy.lnk.to/Subscribe
 
Connect with YoungBoy Never Broke Again: 
http://www.youngboynba.com
https://www.facebook.com/nbayoungboy
https://www.twitter.com/GGYOUNGBOY
https://www.instagram.com/nba_youngboy
https://www.soundcloud.com/nba-youngboy
 

#YoungBoyNeverBrokeAgain #3800Degrees"
APJAQoSCwuA,The Beatles - Now And Then - The Last Beatles Song (Short Film),"Now and Then's eventful journey to fruition took place over five decades and is the product of conversations and collaborations between the four Beatles that go on to this day. The long mythologised John Lennon demo was first worked on in February 1995 by Paul, George and Ringo as part of The Beatles Anthology project but it remained unfinished, partly because of the impossible technological challenges involved in working with the vocal John had recorded on tape in the 1970s. For years it looked like the song could never be completed. But in 2022 there was a stroke of serendipity. A software system developed by Peter Jackson and his team, used throughout the production of the documentary series Get Back, finally opened the way for the uncoupling of John‚Äôs vocal from his piano part. As a result, the original recording could be brought to life and worked on anew with contributions from all four Beatles. This remarkable story of musical archaeology reflects The Beatles‚Äô endless creative curiosity and shared fascination with technology. It marks the completion of the last recording that John, Paul and George and Ringo will get to make together and celebrates the legacy of the foremost and most influential band in popular music history.

Video Director: Oliver Murray 
Producers: Jonathan Clyde and Sophie Hilton 
Original score: Paul Englishby 
Sound Designer: Alastair Sirkett 
Audio Restoration: Park Road Post Production

Pre-order Now And Then: https://TheBeatles.lnk.to/NowAndThenYT
Pre-order Red and Blue: https://TheBeatles.lnk.to/RedAndBlue2023YT

Watch more videos from The Beatles: https://thebeatles.lnk.to/YTPlaylists 
Subscribe to The Beatles‚Äô YouTube channel & ring the bell to never miss a new video: https://thebeatles.lnk.to/YTSignup 
Sign up for The Beatles‚Äô Official Email List: https://www.thebeatles.com/newsletter   

Stream The Beatles: 
üéôÔ∏è Apple Music: https://thebeatles.lnk.to/stream/AppleMusic 
üéôÔ∏è Spotify: https://thebeatles.lnk.to/stream/Spotify 
üéôÔ∏è Amazon Music: https://thebeatles.lnk.to/stream/AmazonMusic 
üéôÔ∏è Pandora: https://thebeatles.lnk.to/stream/Pandora 
üéôÔ∏è Tidal: https://thebeatles.lnk.to/stream/Tidal 
üéôÔ∏è Deezer: https://thebeatles.lnk.to/stream/Deezer 
üéôÔ∏è YouTube Music: https://thebeatles.lnk.to/stream/YouTubeMusic   

Follow The Beatles:  
‚≠ê https://www.thebeatles.com 
‚≠ê https://www.instagram.com/thebeatles
‚≠ê https://www.facebook.com/thebeatles
‚≠ê https://www.tiktok.com/@thebeatles
‚≠ê https://twitter.com/thebeatles
 
#TheBeatles #NowAndThen #JohnLennon #PaulMcCartney #GeorgeHarrison #RingoStarr

http://vevo.ly/qJHZu5"
0-kASUEEXn8,Mario Kart 8 Deluxe - Booster Course Pass Wave 6 - Course Overview,"Head to the starting line, Wave 6 is almost here! Eight additional courses and four new characters come to the final Wave of the #MarioKart 8 Deluxe ‚Äì Booster Course Pass on 11/9. 

Get the Booster Course Pass now:  https://mariokart8.nintendo.com/booster-course-pass/

Subscribe for more Nintendo fun! https://goo.gl/HYYsot

Visit Nintendo.com for all the latest! http://www.nintendo.com/

Like Nintendo on Facebook: http://www.facebook.com/Nintendo
Follow us on Twitter: http://twitter.com/NintendoAmerica
Follow us on Instagram: http://instagram.com/NintendoAmerica
Follow us on Pinterest: http://pinterest.com/Nintendo"
L-J4R6wJcMo,Rich Eisen: What Led to the Raiders Firing HC Josh McDaniels | The Rich Eisen Show,"Rich Eisen reacts to the Las Vegas Raiders firing Head Coach Josh McDaniels after a disappointing 3-5 start to their season.

Tune in to the Emmy-nominated Rich Eisen Show live for FREE on The Roku Channel at https://go.roku.com/thericheisenshow and also streaming on Audacy, Sirius channel 218 and XM channel 202 weekdays from 12--3 PM ET! 

Showcasing insightful sports expertise with an offbeat mix of humor and pop culture, The Rich Eisen Show attracts the most recognizable names in sports and entertainment. 

Subscribe here to keep up with the internet's best sports and pop culture commentary, interviews, and much more! 

------ SUBSCRIBE HERE: 
https://bit.ly/2VjWSBC 

FOLLOW US HERE: 
https://www.instagram.com/richeisenshow/ 
https://www.twitter.com/RichEisenShow 
https://www.facebook.com/RichEisenShow 
https://www.tiktok.com/@thericheisenshow 
https://www.audacy.com/richeisen/listen 

#richeisenshow #nfl #raiders"
VfX-brlBH18,Walmart Black Friday Deals | Jingle Bell Rockin‚Äô,"On Wednesdays, we shop Walmart‚Äôs Black Friday deals. Head online next Wednesday, 11/8 at 3 PM ET to get the hottest new Black Friday deals.

Save Money. Live Better.

Subscribe to Walmart on YouTube: http://bit.ly/1tVy1CI  
Like Walmart on Facebook: http://on.fb.me/1qS59V6 
Follow Walmart on Pinterest: http://bit.ly/1vR6XBY 
Follow Walmart on Twitter: http://bit.ly/1pMbNfy 
Follow Walmart on Instagram: http://bit.ly/1FMiiJX"
5m5ybZD_z6A,Joe Tries to Shoot an Arrow Into the CyberTruck,"Taken from JRE #2054 w/Elon Musk:
https://open.spotify.com/episode/7edwvm2c6Ieuzun4xtFYCJ?si=52dfc75569054d62"
1giQVuoTAFM,Mariah Carey - IT'S TIME!!,"Mariah Carey announces IT'S TIME for the holiday season to start!

Join Mariah on the Merry Christmas One And All! Tour
Tickets are available @ mariahcarey.lnk.to/ChristmasTour

Wed Nov 15 | Highland, CA | Yaamava Casino

Fri Nov 17 | Los Angeles, CA | Hollywood Bowl 

Sun Nov 19 | Los Angeles, CA | Hollywood Bowl

Tue Nov 21 | Denver, CO | Ball Arena

Fri Nov 24 | Kansas City, MO | T-Mobile Center

Mon Nov 27 | Toronto, ON | Scotiabank Arena

Wed Nov 29 | Montreal, QC | Centre Bell

Fri Dec 01 | Detroit, MI | Little Caesars Arena

Sun Dec 03 | Chicago, IL | United Center

Tue Dec 05 | Pittsburgh, PA | PPG Paints Arena

Thu Dec 07 | Cleveland, OH | Rocket Mortgage FieldHouse

Sat Dec 09 |  New York, NY | Madison Square Garden

Mon Dec 11 | Boston, MA | TD Garden

Wed Dec 13 | Philadelphia, PA | Wells Fargo Center

Fri Dec 15 | Baltimore, MD | CFG Bank Arena

Sun Dec 17 | New York, NY | Madison Square Garden 


#MariahCarey #ItsTime #MerryChristmasOneAndAll"
-wDKyUtL8Mk,I Used Fortnite Admin Cheats,"This was very broken
üé•SECOND CHANNEL - https://www.youtube.com/user/CrushSlash
üê§TWITTER - https://twitter.com/lazarbeam
üì∑INSTAGRAM - https://instagram.com/lazarbeamyt"
m7oAcv6vI0I,Minecraft CHICKEN vs HUNTER,"Minecraft CHICKEN vs HUNTER... I have to take a CHICKEN to beat the ender dragon. My friend has to stop me. Should be easy right?

Follow my socials:
‚ûΩ Twitter - @dream
‚ûΩ Instagram - @dreamwastaken
‚ûΩ Snapchat - @dream

George: @GeorgeNotFound 

This video is a different Minecraft challenge concept that we have never done before! It's similar to Minecraft Manhunt, in that I have to beat the game while George tries to hunt the CHICKEN, instead of me. The chicken heals over time like a player, and has 20 hearts.

It's a race, and it's super intense and we had a lot of laughs. I love doing these challenges.

Not Minecraft, But Water Rises or Minecraft, But Lava Rises, or any other but challenge like that. This is a speed run / speed runner of Minecraft against a killer / assassin

#MinecraftChallenge"
66A7oh5N0Ro,Battle Like Champions' Champion! (Clash of Clans Season Challenges),"The Champions' Champion skin joins the pantheon of Heroes as we celebrate this year's World Championship, live on Nov 24-26! Get your tickets now at https://supr.cl/clashfest2023! 


Follow us on our Socials!
Twitter ‚ñ∫ https://twitter.com/ClashofClans/
Instagram ‚ñ∫ https://www.instagram.com/clashofclans 
Facebook ‚ñ∫ https://www.facebook.com/ClashofClans 
TikTok ‚ñ∫ https://www.tiktok.com/@clashofclans

Attack. Defend. Strategize. Download for free for mobile devices. http://supr.cl/ThisArmy

From rage-¬≠filled Barbarians with glorious mustaches to pyromaniac wizards, raise your own army and lead your clan to victory! Build your village to fend off raiders, battle against millions of players worldwide, and forge a powerful clan with others to destroy enemy clans.
PLEASE NOTE! Clash of Clans is free to download and play, however some game items can also be purchased for real money 

Also, under our Terms of Service and Privacy Policy, you must be at least 13 years of age to play or download Clash of Clans.
A network connection is also required.

FEATURES
- Build your village into an unbeatable fortress 
- Raise your own army of Barbarians, Archers, Hog Riders, Wizards, Dragons and other mighty fighters
- Battle with players worldwide and take their Trophies
- Join together with other players to form the ultimate Clan
- Fight against rival Clans in epic Clan Wars 
- Build 18 unique units with multiple levels of upgrades
- Discover your favorite attacking army from countless combinations of troops, spells, Heroes and Clan reinforcements 
- Defend your village with a multitude of Cannons, Towers, Mortars, Bombs, Traps and Walls
- Fight against the Goblin King in a campaign through the realm

Chief, are you having problems? Visit https://help.supercellsupport.com/clash-of-clans/en/

Privacy Policy:
https://supercell.com/en/privacy-policy/

Terms of Service:
https://supercell.com/en/terms-of-service/

Parent‚Äôs Guide:
https://supercell.com/en/parents/

#clashofclans #seasonchallenges #worldfinals"
3yeRC6VhA1w,Game Theory: Why YouTube Feels Boring,"New Official FNAF Merch Is Here!
üëâ Shop our new FNAF Collection ‚ñ∫ https://theorywear.com

Does YouTube feel boring right now? Does a lot of the content you're seeing across the platform feel repetitive? ""I Went To EVERY Restaurant"", ""I Bought EVERY Item"", ""I Ate EVERY Burger"". Notice a pattern? Where did this trend of ""every"" video come from and more importantly, how is it impacting you, the viewer? You're gonna wanna tune in to this one friends because we're gonna talk about EVERYthing wrong with these kinds of videos. 
‚Äê‚Äê‚Äê‚Äê‚Äê‚Äê‚Äê‚Äê‚Äê‚Äê‚Äê‚Äê‚Äê‚Äê‚Äê‚Äê‚Äê‚Äê‚Äê‚Äê‚Äê‚Äê‚Äê‚Äê‚Äê‚Äê‚Äê‚Äê‚Äê‚Äê‚Äê‚Äê‚Äê‚Äê‚Äê‚Äê‚Äê‚Äê‚Äê‚Äê‚Äê‚Äê‚Äê‚Äê‚Äê‚Äê‚Äê‚Äê‚Äê‚Äê
*üîΩ Don‚Äôt Miss Out!*
Get Your TheoryWear! ‚ñ∫ https://theorywear.com/
Dive into the Reddit! ‚ñ∫ https://www.reddit.com/r/GameTheorists/

Need Royalty Free Music for your Content? Try Epidemic Sound.
Get Your 30 Day Free Trial Now ‚ñ∫ http://share.epidemicsound.com/MatPat
‚Äê‚Äê‚Äê‚Äê‚Äê‚Äê‚Äê‚Äê‚Äê‚Äê‚Äê‚Äê‚Äê‚Äê‚Äê‚Äê‚Äê‚Äê‚Äê‚Äê‚Äê‚Äê‚Äê‚Äê‚Äê‚Äê‚Äê‚Äê‚Äê‚Äê‚Äê‚Äê‚Äê‚Äê‚Äê‚Äê‚Äê‚Äê‚Äê‚Äê‚Äê‚Äê‚Äê‚Äê‚Äê‚Äê‚Äê‚Äê‚Äê‚Äê
*üëÄ Watch MORE Theories:*
FNAF, Bonnie's Haunted Past ‚ñ∫‚ñ∫ https://youtu.be/cQZBxqmKLYs
The LOST Episode (Slenderman) ‚ñ∫‚ñ∫ https://youtu.be/YEe5ECbD1eg
Sonic Rings Are A SCAM!  ‚ñ∫‚ñ∫ https://youtu.be/Tqqsb0X3yHA
‚Äê‚Äê‚Äê‚Äê‚Äê‚Äê‚Äê‚Äê‚Äê‚Äê‚Äê‚Äê‚Äê‚Äê‚Äê‚Äê‚Äê‚Äê‚Äê‚Äê‚Äê‚Äê‚Äê‚Äê‚Äê‚Äê‚Äê‚Äê‚Äê‚Äê‚Äê‚Äê‚Äê‚Äê‚Äê‚Äê‚Äê‚Äê‚Äê‚Äê‚Äê‚Äê‚Äê‚Äê‚Äê‚Äê‚Äê‚Äê‚Äê‚Äê
*SUBSCRIBE to Game Theory!*
https://www.youtube.com/@GameTheory/?sub_confirmation=1
‚Äê‚Äê‚Äê‚Äê‚Äê‚Äê‚Äê‚Äê‚Äê‚Äê‚Äê‚Äê‚Äê‚Äê‚Äê‚Äê‚Äê‚Äê‚Äê‚Äê‚Äê‚Äê‚Äê‚Äê‚Äê‚Äê‚Äê‚Äê‚Äê‚Äê‚Äê‚Äê‚Äê‚Äê‚Äê‚Äê‚Äê‚Äê‚Äê‚Äê‚Äê‚Äê‚Äê‚Äê‚Äê‚Äê‚Äê‚Äê‚Äê‚Äê
*Join Our Other YouTube Channels!*
üé•   @FilmTheory  
üçî   @FoodTheory  
üëî   @StyleTheorists    
‚Äê‚Äê‚Äê‚Äê‚Äê‚Äê‚Äê‚Äê‚Äê‚Äê‚Äê‚Äê‚Äê‚Äê‚Äê‚Äê‚Äê‚Äê‚Äê‚Äê‚Äê‚Äê‚Äê‚Äê‚Äê‚Äê‚Äê‚Äê‚Äê‚Äê‚Äê‚Äê‚Äê‚Äê‚Äê‚Äê‚Äê‚Äê‚Äê‚Äê‚Äê‚Äê‚Äê‚Äê‚Äê‚Äê‚Äê‚Äê‚Äê‚Äê
*Credits:*
Writers: Matthew Patrick, Stephanie Patrick, and Tom Robinson
Editors: Dan ""Cybert"" Seibert, JayskiBean, Pedro Freitas, Dom Sealion, and Lace
Sound Designer: Tyler Mascola
Thumbnail Artist: DasGnomo
‚Äê‚Äê‚Äê‚Äê‚Äê‚Äê‚Äê‚Äê‚Äê‚Äê‚Äê‚Äê‚Äê‚Äê‚Äê‚Äê‚Äê‚Äê‚Äê‚Äê‚Äê‚Äê‚Äê‚Äê‚Äê‚Äê‚Äê‚Äê‚Äê‚Äê‚Äê‚Äê‚Äê‚Äê‚Äê‚Äê‚Äê‚Äê‚Äê‚Äê‚Äê‚Äê‚Äê‚Äê‚Äê‚Äê‚Äê‚Äê‚Äê‚Äê
#YouTube #MrBeast #GMM #Excess #YouTubeTheory #Theory #GameTheory #Matpat"
QZF8Of8s6Z0,Sonic Dream Team - Announce Trailer,"Join a race against time to stop Dr. Eggman‚Äôs bizarre dreams from coming true. Sonic Dream Team arrives December 5th exclusively on Apple Arcade!‚Äã

Pre-register now: https://apple.co/sonic-dream-team‚Äã

Dream Team Announce Track:‚Äã
Composed by: Tee Lopes‚Äã
Instrumentation: Jonny Atma‚Äã

Huge shoutout to Powerhouse Animation Studios for helping bring this announcement to life!‚Äã

Check out our other social pages to stay-to-date on the latest Sonic happenings:

https://twitter.com/sonic_hedgehog
https://facebook.com/sonic
https://instagram.com/sonicthehedgehog
https://tiktok.com/@sonic_hedgehog"
COY5f-DxNM0,Inside the NBA reacts to James Harden Trade to Clippers,"NBA PLAYERS REACT TO THEIR HIGHLIGHTS: https://youtube.com/playlist?list=PL_HppZy-GwSzkpunTFTXHPxEZUgmyYPAS&feature=shared

üìå Follow HoH Instagram: https://www.instagram.com/houseofhighlights
üìå Follow HoH TikTok: https://www.tiktok.com/@houseofhighlights

#HouseofHighlights #NBA"
DTfzE_f3FUE,Disney Dreamlight Valley Showcase,"We invite you to join us for the first-ever Disney Dreamlight Valley Showcase this November 1 at 6pm CET, 1pm ET, 10am PT!

It's been an immensely exciting year in the Valley and the next year is looking to be even bigger! Tune in to get your first look at:

-Disney Dreamlight Valley: A Rift In Time paid Expansion Pass
-Upcoming content updates
-Multiplayer
-And much more!

Play now: https://disneydreamlightvalley.com/getnow

 Join the community on:

Instagram: http://instagram.com/disneydreamlightvalley
Twitter: http://twitter.com/DisneyDLV
Facebook: http://facebook.com/DisneyDreamlightValley
Discord: https://discord.com/invite/disneydreamlightvalley
TikTok: https://www.tiktok.com/@disneydreamlightvalley"
kLbn61Z4LDI,Sabrina Carpenter - Feather (Official Video),"Sabrina Carpenter - Feather (Official Video)

Stream Feather here: https://SabrinaCarpenter.lnk.to/Feather

Stream emails i can't send fwd: here: https://SabrinaCarpenter.lnk.to/EICSF

Stream emails i can‚Äôt send here: https://sabrinacarpenter.lnk.to/EICS

New merch & 7‚Äù available: https://shopsabrinacarpenter.com/

Director: Mia Barnes
Production Company: freenjoy
Executive Producer: Nathan Scherrer
Executive Producer: Tara Sheree
Producer: Aiden Magarian
Production Manager: Sergio Vaccaro
DP: Ben Carey 
Gaffer: Austin Locicero 
Key Grip: Jared Herrmann 
Production Designer: Renna Pilar 
Hair: Danielle Priano
Make Up: Kali Kennedy 
Styling: Ronnie Hart 
Editor: Ally Gondeck
Color: Matt Osborne @co3
VFX: Ryan Zum Mallen @ Pendulum VFX
Additional VFX: Stratostorm

Subscribe to Sabrina‚Äôs channel: https://bit.ly/SCYTsubscribe

Follow Sabrina Carpenter: https://sabrinacarpenter.komi.io/
Instagram: https://www.instagram.com/sabrinacarpenter
Facebook: https://www.facebook.com/sabrinacarpenter
Twitter: https://twitter.com/SabrinaAnnLynn 
TikTok: https://www.tiktok.com/@sabrinacarpenter

#SabrinaCarpenter #emailsicantsend #feather

LYRICS:
Oh it‚Äôs like that
I‚Äôm your dream come true
When it‚Äôs on a platter for you
then you pull back
When i try to make plans
More than 2 hours in advance
I slam the door
I hit ignore
I‚Äôm saying no no no no more i
Got u blocked
After this
An after thought
I finally cut you off
I feel so much lighter
Like a feather
with you off my mind
Floating through
The memories like whatever
You‚Äôre a waste of time
Your Signals are Mixed
You act like a bitch
you fit every stereotype
send a pic
I feel so much lighter
Like a feather
With you out my life
It Feels
So
Good
Not caring where u are tonight
And it feels so good
Not pretending to like the wine u like
I slam the door
I hit ignore
I‚Äôm saying no no no no more i
Got u blocked
Excited
To never talk
I I‚Äôm so sorry for your loss
I feel so much lighter
Like a feather
with you off my mind
Floating through
The memories like whatever
You‚Äôre a waste of time
your Signals are Mixed
You act like a bitch
you fit every stereotype
send a pic
I feel so much lighter
Like a feather
With you out my life
You want me
I‚Äôm done
You miss me
No duh
Where I‚Äôm at
I‚Äôm up
/ like a feather like a feather like a feather

Music video by Sabrina Carpenter performing Feather. ¬© 2023 Island Records, a division of UMG Recordings, Inc.

http://vevo.ly/GmyI06"
czjisEGe5Cw,The Problem With Science Communication,"To kickstart your business or online store with a free trial of Shopify, go to http://shopify.com/veritasium

If you‚Äôre looking for a molecular modeling kit, try Snatoms ‚Äì a kit I invented where the atoms snap together magnetically ‚Äì https://ve42.co/SnatomsV  

‚ñÄ‚ñÄ‚ñÄ
Huge thanks to Carlo Rovelli: https://t.co/FF5ohRQB8R
And Geraint Lewis: https://www.geraintflewis.com/

‚ñÄ‚ñÄ‚ñÄ
Images and references:
Holographic wormhole, via Nature - https://ve42.co/Holographic

‚ÄòDid physicists create a wormhole in a quantum computer?‚Äô by Davide Castelvecchi, via Nature - https://ve42.co/NatureWormhole

Traversable Holographic Wormhole by Sarag Wells, via Vice - https://ve42.co/ViceWormhole

‚ÄòQuantum teleportation opens a ‚Äòwormhole in space‚Äìtime‚Äô‚Äô by Martijn Boerkamp, via Physics World - https://ve42.co/PWTeleportation

‚ÄòPhysicists Create a Holographic Wormhole‚Äô by Natalie Wolchover, via Quanta - https://ve42.co/QuantaWormhole

‚Äòthe Smallest, Crummiest Wormhole You Can Imagine‚Äô, via The New York Times - https://ve42.co/NYTWormhole

‚ÄòHow Physicists Created a Holographic, via Quanta - https://ve42.co/QuantaYTWormhole

Quantum computer imagery, via Quantumai - https://ve42.co/Quantumai

‚ÄòNuclear fusion breakthrough‚Äô, via Sky News - https://ve42.co/SkyWormhole

‚ÄòNASA scientist explains why images from new telescope astounded him‚Äô, via CNN on YouTube - https://ve42.co/CNNWormhole

‚ÄòNeutrino Faster Than Speed of Light‚Äô, via Associated Press - https://ve42.co/APWormhole

‚ÄòMichio Kaku on Quantum Computing‚Äô, via PowerfulJRE - https://ve42.co/JRE

AskScience AMA Series, via r/askscience on Reddit - https://ve42.co/ClimateAMA

‚ÄòProfessor Andrei Linde celebrates physics breakthrough‚Äô, via Stanford  - https://ve42.co/AndreiLinde

‚ÄòGravitational waves turn to dust‚Äô by Ian Sample, via The Guardian - https://ve42.co/Waves2Dust

‚ÄòThe First Room-Temperature Ambient-Pressure Superconductor‚Äô, Sukbae Lee, Ji-Hoon Kim, Young-Wan Kwon, 2023, via arXiv - https://ve42.co/Superconductor

‚ÄòWhat's the buzz about LK-99?‚Äô, via Global News - https://ve42.co/GlobalLK99

Meissner effect, via @andrewmccalip on Twitter - https://ve42.co/Meissner

‚ÄòWill LK99 Superconductor CHANGE THE WORLD?‚Äô, via Breaking Points on YouTube - https://ve42.co/BreakingPoints

‚ÄòSuperconductor Breakthroughs‚Äô, via WSJ - https://ve42.co/WSJSuperconductor

LK99 claims forum post, via Spacebattles - https://ve42.co/KL99Forum

Copper graph, via Handbook of Electromagnetic Materials - https://ve42.co/CopperGraph

LK-99 Superconductor ‚Äãshowing levitation - https://ve42.co/Levitation

‚ÄòUnreliable social science research‚Äô by Cathleen O‚ÄôGrady, via Science - https://ve42.co/SocialScience

Tiny Neutrinos article by Dennis Overbye, via The NYT - https://ve42.co/NYTNeutrinos

‚ÄòThe Crisis in Cosmology‚Äô by Astrophysics in Process, via Medium - https://ve42.co/CosmoCrisis

‚ÄòSome scientists speak of a ‚Äúcrisis in cosmology.‚Äù‚Äô by Adam Frank, via Big Think - https://ve42.co/BigThinkCosmo

‚ÄòWhy is there a 'crisis' in cosmology?‚Äô by Paul Sutter, via Space - https://ve42.co/SpaceCosmo

‚ÄòBreakthrough in nuclear fusion, via PBS NewsHour on YouTube - https://ve42.co/PBSBreakthrough

DOE National Lab press conference, via U.S. Department of Energy on YouTube - https://ve42.co/DOEPress

‚ÄòNuclear fusion breakthrough‚Äô by Catherine Clifford, via CNBC - https://ve42.co/CNBCFusion

‚ÄòUS officials announce nuclear fusion breakthrough‚Äô, via CNN - https://ve42.co/CNNFusion

Nuclear fusion article, via CNN - https://ve42.co/CNNNuclear

Climate catastrophe article by Robin McKie, via The Guardian - https://ve42.co/GuardianClimate

Nuclear fusion article by Nicola Davis, via The Guardian - https://ve42.co/GuardianFusion

Fusion breakthrough article, via Imperial College London - https://ve42.co/ImperialFusion

Wednesday briefing by Archive Bland, via The Guardian - https://ve42.co/GuardianBriefing

Sky Sport News Bulletin, via Sky Sport NZ on YouTube - https://ve42.co/SkyBulletin

Alien Probe Ignored Us article by Ed Maz - https://ve42.co/AlienProbe

Attempts to scan the mysterious Oumuamua 'comet' article by Shivali Best, via MailOnline - https://ve42.co/Oumuamua

‚ÄòHave Aliens Found Us?‚Äô by Isaac Chotiner - https://ve42.co/NYTAliens

‚ñÄ‚ñÄ‚ñÄ
Special thanks to our Patreon supporters:
Adam Foreman, Amadeo Bee, Anton Ragin, Balkrishna Heroor, Bernard McGee, Bill Linder, Burt Humburg, Chris Harper, Dave Kircher, Diffbot, Evgeny Skvortsov, Gnare, Jesse Brandsoy, John H. Austin, Jr., john kiehl, Josh Hibschman, Juan Benet, KeyWestr, Lee Redden, Marinus Kuivenhoven, Mario Bottion, Max Maladino, Meekay, meg noah, Michael Krugman, Paul Peijzel, Richard Sundvall, Sam Lutfi, Stephen Wilcox, Tj Steyn, TTST, Ubiquity Ventures

‚ñÄ‚ñÄ‚ñÄ
Written by Derek Muller
Edited by Peter Nelson
Filmed by Derek Muller
Produced by Derek Muller

Additional video/photos supplied by Getty Images and Storyblocks
Music from Epidemic Sound
Thumbnail by Geoff Barrett"
N5qSNobCNUw,Candy Games - Scott The Woz,"Scott wants to find the true meaning of Halloween. He then proceeds to play M&Ms Blast for Game Boy Advance. Happy Halloween!

Second Channel: @ScottsStash 
Highlights Channel: @ScottsSnippets 

Music by
Chapman ‚ÄúChipper‚Äù Hammond (https://www.chapmanhammondmusic.com/)

Twitter: https://www.twitter.com/ScottTheWoz
Facebook: https://www.facebook.com/ScottTheWoz/
Instagram: https://www.instagram.com/scottthewoz/

Music Used:
Coming Soon"
m-MofxPhGso,How to Get REVENGE | JonTron,"Play World of Tanks here: https://tanks.ly/3M3cg0u
Thank you World of Tanks for sponsoring this video. 
During registration use the code COMBAT to get for free: 7 days premium access, 250k credits, Cromwell B (tier 6). 
3 rental tanks for 10 battles each:  Tiger 131 (Tier 6) German heavy tank, T78 (Tier 6), and Type 64 (Tier 6). 
The promo code is only for new players during registration.

--

Follow JonTron Here:
Instagram: http://www.Instagram.com/jontronshow
Twitter: http://www.Twitter.com/jontronshow

Business Inquiries:
jontron(at)ellifyagency.com

--

Crew:
Jon Jafari - Director/Producer/Writer
Sergio Torres - Director of Photography/Line Producer/Creative
Andrew Reynoso - Key Grip/Creative
Lewis Bown - Editor/Writer/Creative
Maria Alexandria - Art/Special Effects/Costumes/Creative
Charlotte Jafari - SmokeBae

Cast:
Sergio Torres - Blockbuster Employee"
q4Fl1ksPjnk,I'm Pissed Off.,"More Destiny 2 News / Bungie News.  We're getting more and more info as to why Pete Parsons & the Bungie Higher-ups have fired so many employees, and it's not good.  Missed Revenue targets by 45% and not enough pre-ordering the Final Shape?  This is just a massive garbage storm, and the gaming industry is in BAD shape.  Are people even excited for Marathon 2023?  With all these Bungie Layoffs and the Final Shape DELAYED, the TWAB tomorrow is gonna be really interesting.
‚òÖ SUB UP and join the FalloutFam: https://goo.gl/pSrt3D ‚òÖ
‚òÖ Want an extra way to support? https://patreon.com/falloutplays  ‚òÖ
Shoutout to the LONG-BARREL Patreons, of which there is only TWO: MELANIE & HALLANDREN!!!

‚òÖ MY GAMING SETUP ‚òÖ
Sure SM7B Microphone - https://amzn.to/2QtbiAT
Blue Boom Arm - https://amzn.to/3lC6epa
Elgato Key Light - https://amzn.to/393ES6m
Logitech BRIO Webcam - https://amzn.to/3lGwJK7
Elgato Stream Deck - https://amzn.to/3lAESjr
UPLIFT Standing Desk - https://amzn.to/3lAuwQk
Elgato Capture Card (HD60 Pro1080) - https://amzn.to/2QtkJjN
Mouse (Logitech G502) - https://amzn.to/3vIDeRv

‚òÖ REACH OUT TO ME, YO ‚òÖ
FOLLOW ME on Twitch! https://www.twitch.tv/falloutplays
SUBSCRIBE to my channel: https://www.youtube.com/channel/UCMlqYSFcNTrxDQO_T9GCsjg?sub_confirmation=1
Follow me on TWITTER: https://twitter.com/falloutplays
Join our DISCORD CHAT: https://discord.gg/falloutplays
New FACEBOOK Page: https://www.facebook.com/Fallout-Plays-107863573942772/?view_public_for=107863573942772

‚òÖ SWEET MERCH ‚òÖ
TeeSpring! https://teespring.com/stores/falloutplays
#Destiny2"
SyyOryf_tDo,Ghosts of the '72 Dolphins,"The Pursuit of Perfection.

Patreon: https://www.patreon.com/EmperorLemon
Twitter: https://twitter.com/EmperorLemon

Audio Assembly by https://twitter.com/VeganAssValerie
Thumbnail Artwork by: https://twitter.com/bernievidz
3D Animation by: https://www.youtube.com/@NickolasCruiser


References and Further Reading:
https://pastebin.com/5hZ4SmRW

Music List: https://pastebin.com/xUwJuPiC"
ctkW3V0Mh-k,Apple Event - October 30,"Watch the special Apple Event to learn about the new MacBook Pro and iMac with the M3 family of chips.

To watch the event interpreted in American Sign Language (ASL), please click here: https://youtu.be/xPeXbWMzv18

Audio Descriptions: https://apple.co/3QCMi6C

00:00 Introduction
03:50 M3, M3 Pro, M3 Max
11:56 MacBook Pro
25:00 iMac

""Leaving the Light"" by Genesis Owusu https://apple.co/Leaving-The-Light
""The King"" by Anjimile https://apple.co/King-Anjimile
""I Will Never Let You Go"" by SIR E.U https://apple.co/Never-Let-You-Go-Sir
""New Day (Intro)"" by Skott https://apple.co/New-Day 
""re:solution"" by Feiertag https://apple.co/Re-Solution
""No Ceremony"" by New Corroded https://apple.co/No-Ceremony
""Stranger"" by Perera Elsewhere https://apple.co/Stranger-Perera

Can‚Äôt get enough of the tantalizing tunes from this event? Check out the entire playlist on Apple Music.

#AppleEvent #MacBookPro

Welcome to the official Apple YouTube channel. Here you‚Äôll find news about product launches, tutorials, and other great content. Apple‚Äôs more than 160,000 employees are dedicated to making the best products on earth, and to leaving the world better than we found it."
1m51ncAU4uA,"Arc√°ngel, Peso Pluma - LA CHAMBA (Video Oficial)","Arc√°ngel, Peso Pluma - LA CHAMBA
https://rimas.ffm.to/lachamba

Suscr√≠bete al Canal: https://www.youtube.com/@Arcangel

Redes Sociales:
https://twitter.com/arcangelprrra
https://www.instagram.com/arcangel/
https://www.facebook.com/yosoyarca/

Letra:
Yo soy un muchacho que viene de abajo
No le temo al trabajo, es que me gusta la chamba 
De ni√±o le meto la chamba 

Yo soy un muchacho que viene de abajo 
No le temo al trabajo, es que me gusta la chamba 
De ni√±o me toc√≥ la chamba 

(Si) Ey desde que era menor 
Tengo cabr*nes tir√°ndome porque soy mejor
A mi nunca me import√≥ nada le met√≠ a vapor 

(No,no,no)

Ahora que soy mayor 

Tengo estos hueleb*chos con sus perr*s en calor 
Haciendo que de ese tot*to le baje sudor 
Le suplo el c*lo como si fuera un ventilador 

(Waooo)

Empresario sin usar corbata 

Moviendo kilos musicales me puse en el mapa 
Me mantuve real y la calle tiene mi data
Saben bien lo que hicimos, los que no salieron rata 

Yes Sir 
Tu gata se quiere meser 
Recuerda que mis sho*ter todos tienen laser
Full de sicarios va llena la blazer 
Te los damos de lejo como el de Los Pacers 

Vamo‚Äô al trabajo y la troca llenas de gasolina 
Con el producto puro directo de la colina 
Se vende caro y se usa m√°s que vitamina 
Se que no es bueno pero a los de la USA les fascina 

Wuuuuuuu

Yo soy un muchacho que viene de abajo 
No le temo al trabajo, es que me gusta la chamba 
De ni√±o me toc√≥ la chamba 

Soy un muchacho que viene de abajo
No le temo al trabajo, es que me gusta la chamba 
De ni√±o me toc√≥ la chamba 

Que me tiren me parece normal 
Voy m√°s r√°pido que ellos y no tengo fast pass  
Desde que ni√±o supe lo que era chambear 
Es que nac√≠ para esto, yo no voy a cambiar 

Todo se los consegu√≠, sin ser Al Capone los paquetes les met√≠ 
Me la vivo en Grande Leagues 
M√°s de 30 arenas en millones convert√≠ 

Yo soy un muchacho que viene de abajo
No le temo al trabajo, es que me gusta la chamba 
De ni√±o le meto la chamba 

Yo soy un muchacho que viene de abajo 
No le temo, es que me gusta la chamba 
De ni√±o me toc√≥ la chamba 

Ey yoooooo
Aja Austin Baby 
Tainy
El Doble P con El Arca Wey !

Prrrraaaaaa

Sentimiento, Elegancia & Mas Maldad 


#Arcangel #SrSantos #LaChamba #PesoPluma
¬© 2023 Rimas Entertainment"
jTMDKrXh3vo,Race to Unreal in Fortnite,"Today PWR led by Lachlan & Loserfruit will compete against each other to see which Team can get the highest rank in Fortnite!

Join PWR Discord: https://discord.gg/pwr

Subscribe to PWR | https://bit.ly/PWRsubscribe
Check out the PWR Supply Collections | https://PWR.supply
Official headset and controller partner Nacon | RIG: https://www.riggaming.com/pwr

PWR:
‚ù± Twitter | https://twitter.com/TeamPWR
‚ù± Instagram | https://instagram.com/TeamPWR
‚ù± TikTok | https://www.tiktok.com/@PWR
‚ù± Twitch | https://twitch.tv/TeamPWRgg
‚ù± Facebook | https://facebook.com/TeamPWRgg
‚ù± Website | https://teampwr.gg
‚ù± Careers | http://pwrjobs.com

PWR Content Creators:
‚ù± Lachlan | https://youtube.com/Lachlan
‚ù± Loserfruit | https://www.youtube.com/c/Loserfruit
‚ù± Chanzes | https://www.youtube.com/Chanzes
‚ù± Vindooly | https://www.youtube.com/Vindooly
‚ù± Overstrand | https://www.youtube.com/Overstrandtv

PWR Fortnite Pro-Players:
‚ù± Looter | https://www.youtube.com/looter
‚ù± Worthy | https://youtube.com/Worthyy
‚ù± Radius | https://youtube.com/Radiusyt
‚ù± Jynx | https://www.youtube.com/channel/UCiviShIqpIebYTngEYRGtbA 
‚ù± Sync | https://www.youtube.com/c/syncFN
‚ù± Alex |https://www.youtube.com/@alexfn7806
‚ù± Coach Timmy | https://www.youtube.com/c/CoachTimmy

PWR Rocket League Pro-Players:
‚ù± Bananahead | https://twitter.com/bbananahead
‚ù± Torsos | https://twitter.com/TorsosRL
‚ù± Fever | https://twitter.com/Fever_RL
‚ù± Jimmah | https://twitter.com/JimmahRL

PWR Creative:
‚ù± Boomer | https://www.youtube.com/c/Boomergg
‚ù± MrRelatable | https://twitter.com/SirRelatable
‚ù± JSON | https://twitter.com/FN_json

Music: 
‚ù± Epidemic Sounds | https://bit.ly/EpidemicSoundsPWR

Musicbed SyncID:
MB01R1QIDC7WN5D

#PWR #CodePWR #EpicPartner"
qcfuA_UAz3I,Stop using Fandom,"The Hollow Knight wiki community is another in a long line of wiki communities choosing to leave Fandom behind. But why is that? What is it about Fandom that is pushing so many communities away recently? To answer that question, I talk for 22 minutes and 18 seconds.

Check out the new Hollow Knight wiki here:
https://hollowknight.wiki/

Download the Indie Wiki Buddy extension:
https://getindie.wiki/

Read more about why the HK wiki community decided to leave Fandom:
https://hollowknight.fandom.com/wiki/Hollow_Knight_Wiki:Moving_from_Fandom

If you want to learn more about the various alternative to Fandom, this discussion thread by the Minecraft wiki is a very interesting read:
https://minecraft.wiki/w/Minecraft_Wiki:Moving_from_Fandom/Second_discussion

Check out my Discord server, mossbag & friends!
https://discord.gg/mossbag

Please follow me on Twitter. I equate my self worth to my follower count:
https://twitter.com/mossbag69

Wishlist my upcoming game, Titan Shell, on Steam!
https://store.steampowered.com/app/1964860/Titan_Shell/

Link to script/list of songs:
https://mossbag69.blogspot.com/2023/10/stop-using-fandom-script.html

Translate this video into another language using Amara:
https://amara.org/videos/S7nxdFTx1SIN/info/stop-using-fandom

Video Chapters:
00:00 Introduction
00:36 Fandom
02:25 Fandom's unwanted ads and features
05:32 Fandom community restrictions
07:37 The Grimace Incident
09:24 Leaving Fandom is difficult
13:42 If not Fandom, then where?
14:12 Wiki.gg
15:18 Miraheze
16:00 Self-hosting
17:13 Wiki Alliances
19:17 Weird Gloop
19:58 Conclusion"
q521zkj_muA,My Full Thoughts on Geometry Dash 2.2,"Geometry Dash 2.2 is less than a month away. Let's talk about what's coming, and what it means for the future of this game.

2.2 Trailer: https://youtu.be/LxA4NJMiZ8o

üé® Character art by Loafee! https://twitter.com/LoafeeBuns
üé® Shrine background by NetBa! https://twitter.com/NetBa_Art

üìô Chapters:
0:00 - Intro
0:26 - 2.2 delayed
1:44 - Why did 2.2 take so long?
3:18 - New icons
5:28 - Unlocking icons
8:35 - Level 22
9:52 - Platformer mode
11:32 - Lore and The Map
13:00 - New music
16:49 - Sound effects
18:13 - New editor stuff
23:13 - Other new features
25:16 - New shops
26:35 - Even more new features
27:42 - Farewell, 2.1

üéµ Music:
Run, Jump, Throw 2 from Super Mario Odyssey
No More Mafia Boss from A Hat in Time (Pascal Michael Stiefel)
Wonder Effect (silly) from Super Mario Bros. Wonder
Scarlet Forest from Deltarune (Toby Fox)
Jungle Night from Terraria (Scott Lloyd Shelly)
Let's Get Together Now! from OMORI (Pedro Silva)
Stal from Minecraft (C418)
March of the Spoons by Kevin MacLeod
Scheming Weasel by Kevin MacLeod
Gnat Attack Level 2 from Mario Paint
Tunnel from Rhythm Heaven
Bossa Nova from Rhythm Heaven Fever
sans. from Undertale (Toby Fox)
Staff Roll from Super Mario 64

------------------------------------

üéÆ Second Channel - @GDSemicolon 
üê¶ Twitter - https://twitter.com/TheRealGDColon
üíª Website - https://gdcolon.com

If you're reading this, Rattledash says hi"
0HtSZ4bIrVw,Alpharad VS Jaiden,"Thank you to @StumbleGuys for sponsoring this video! Go stumble your way through the Halloween weekend dressed up as a Smurf and remember to use my Creator Code ""Alpharad"" at https://stumbleguys.onelink.me/Zh4x/alpharad

‚û§ STREAM: http://twitch.tv/alpharad
‚û§ MERCH: http://pleasebuymymerch.com
‚û§ TWITTER: https://twitter.com/alpharad
‚û§ INSTAGRAM: https://www.instagram.com/alpharad

VIDEO EDITOR:
‚û§ Max: https://twitter.com/FizzMax_

THUMBNAIL ART:
‚û§ Koro: http://twitter.com/wingedkoro"
H9oT-7kDBFM,Why the US Interior is VASTLY Emptier than Canada‚Äôs,"Go to https://brilliant.org/RealLifeLore/ to get a 30-day free trial + the first 200 people will get 20% off their annual subscription
Watch more than 25 additional exclusive RealLifeLore videos on Nebula in Modern Conflicts: https://nebula.tv/modernconflicts 

Please Subscribe: https://www.youtube.com/channel/UCP5tjEmvPItGyLhmjdwP7Ww 

RealLifeLore on Spotify: https://spoti.fi/47yMfzp

RealLifeLore on Facebook: https://www.facebook.com/RealLifeLore/

Select video clips courtesy of Getty Images

Select video clips courtesy of the AP Archive

Special thanks to MapTiler, OpenStreetMap Contributors, and GEOlayers

https://www.maptiler.com/copyright/
https://www.openstreetmap.org/copyright
https://aescripts.com/geolayers/"
liV--bF1P_c,THE SHOCKING FINALE *After 5*,"üåè Get Exclusive NordVPN deal here ‚ûº https://nordvpn.com/introuble and get extra subscription time. Try it risk-free now with a 30-day money-back guarantee. ‚úå

Thanks to NordVPN for sponsoring!

https://linktr.ee/dylanisintrouble"
uzkSfoDHFqw,Spooky's Silly Little Jump Scares,"I don't like deer no more :c
Try the game: https://store.steampowered.com/app/577690/Spookys_Jump_Scare_Mansion_HD_Renovation/

Credit to the creators
Sheena (who voiced herself): https://twitter.com/AMGSheena
Akuma Kira: https://twitter.com/Stylish_Kira
Stealthy Moose:  https://twitter.com/StealthyMoose

Merch and Shirts: https://tinyurl.com/Goobmerch
My Newgrounds: https://doobus-goobus.newgrounds.com/
My Twitter:  https://twitter.com/DoobusGoobus"
jlzuDOAUId4,Surviving A Week at The Conjuring House PT 3: The Basement,"UNCUT KNOCKING FOOTAGE: https://www.youtube.com/playlist?list=PLJOxrBQCeLaMUNnkzXpDaVUizkEscaAlZ
PART 3 (Day 4 & 5) of Sam and Colby's week long stay at The Real Conjuring House. Bella Poarch and Larray join the ghost hunters to investigate the basement in the most haunted house in America and get direct communication with the afterlife through Cody and Satori's Knocking Method. 

Watch All Episodes Here: https://www.youtube.com/playlist?list=PLg2OYcesSXrhvchSWre36iaWP_DVF34gf

Subscribe to our Reacts Channel: youtube.com/c/SamandColbyReacts

Make sure to Subscribe: https://www.youtube.com/c/samandcolby/?sub_confirmation=1

Join XPLR CLUB: http://xplrclub.com/
What's XPLR CLUB? it's sam and colby's very own social media platform! You'll get everything from extra haunted investigations to podcasts to vlog adventures to giveaways where you could win the chance to be in their next video! watch the video here: http://xplrclub.com/

NEW HALLOWEEN XPLR MERCH: https://shopxplr.com 
XPLR APP! Download for free: https://apps.apple.com/us/app/xplr/id1474820819 
Android: https://play.google.com/store/apps/details?id=co.tapcart.app.id_lMlmFXdnGD&hl=en_US 

Editor: Sam and Colby
Asst Editor: Nathaly Idrovo
Producer: Zach Bell

This is where we got our Ghost Equipment (affiliate):
https://www.amazon.com/shop/samandcolby

Music Used: https://share.epidemicsound.com/06bf3e

Friends in Video: 
Bella Poarch: @bellapoarch 
Larray: @LARRAY 
Cody - https://www.instagram.com/codydesbiens/
Satori - https://www.instagram.com/satori_hawes/
Cody and Satori Channel: https://youtube.com/@CodyandSatori?si=jf82knv4ZMG9F-MQ

Visit The Conjuring House: 
https://www.theconjuringhouse.com/
https://www.instagram.com/theconjuringhouse/
https://www.facebook.com/TheConjuringHouse

Andrea Perron's Book: https://www.amazon.com/House-Darkness-Light-True-Story/dp/1456747592

Our other social media!
COLBY: https://www.youtube.com/c/ColbyBrock 
SAM: https://www.youtube.com/c/SamGolbach  
Instagram: @SamandColby 
Twitter: @SamandColby 
Snapchat: @samgolbach & @colbybrock 

Alice Box: https://www.infraready.co.uk/

#SamandColby #TheConjuring #haunted

About: Sam and Colby create haunted, exploration videos on this channel. Some series include Stanley Hotel, Hell Week, The Queen Mary, and most recently, The Conjuring Series. Subscribe to explore, travel, go ghost hunting, and watch some scary content! 

Surviving A Week at The Conjuring House PT 3: The Basement | Sam and Colby
https://youtu.be/jlzuDOAUId4

Sam and Colby 
https://www.youtube.com/c/samandcolby"
JU8O-y0cnKQ,History Buffs: The Crucible,"Thanks to Curiosity Stream for sponsoring today‚Äôs video. Go to https://sponsr.is/cs_buffs and use code BUFFS to save 25% off on annual subscription today.

Happy Halloween History Buffs! Tried thinking of an appropriate film that would best fit the theme of this classic holiday. But do leave in the comments below some recommendations of other historical films I could for next Halloween! üéÉ

‚óè Check our our merch! http://history-buffs-shop.fourthwall.com/
‚óè Follow us on Facebook: https://www.facebook.com/HistoryBuffsLondon
‚óè Follow us on Twitter: https://twitter.com/HistoryBuffs_"
RgWwglvgEX8,New details emerge on death of ‚ÄòFriends‚Äô star Matthew Perry,"As the investigation unfolds into how ‚ÄúFriends‚Äù star Matthew Perry died so unexpectedly, celebrities including Gwyneth Paltrow, Selma Blair and Hank Azaria are grieving the loss of the beloved actor who was found dead at his Los Angeles home on Saturday. NBC‚Äôs Chloe Melas reports for TODAY and People editor-in-chief Wendy Naugle shares a look at his legacy.

¬ª Subscribe to TODAY: http://on.today.com/SubscribeToTODAY
¬ª Watch the latest from TODAY: http://bit.ly/LatestTODAY
About: TODAY brings you the latest headlines and expert tips on money, health and parenting. We wake up every morning to give you and your family all you need to start your day. If it matters to you, it matters to us. We are in the people business. Subscribe to our channel for exclusive TODAY archival footage & our original web series.

Connect with TODAY Online!
Visit TODAY's Website: http://on.today.com/ReadTODAY
Find TODAY on Facebook: http://on.today.com/LikeTODAY
Follow TODAY on Twitter: http://on.today.com/FollowTODAY
Follow TODAY on Instagram: http://on.today.com/InstaTODAY

¬ª Stream TODAY All Day: https://www.today.com/allday
About: TODAY All Day is a 24/7 streaming channel bringing you the top stories in news and pop culture, celebrity interviews, cooking, and more. All in one place.

#matthewperry #friends #celebrity"
V3dbG9pAi8I,Behind the scenes: An Apple Event shot on iPhone,"Take a look at an Apple Event shot on iPhone 15 Pro. The team behind the curtain talks process. The director shoots in low light with amazing results ‚Äî while treating iPhone 15 Pro like a real pro camera. Pro workflow specialists name-drop the trio supercharging video on iPhone 15 Pro: ProRes, Apple Log, and USB-C. World-renowned colorist Stefan Sonnenfeld explains how the footage gives him more freedom to create. And the editor talks about bringing the vision to life seamlessly.

Learn more about the iPhone 15 Pro: https://apple.co/40fiZdP

‚ÄúRace Away‚Äù by Joshoo https://apple.co/race-away

Audio descriptions: https://youtu.be/nPmfXV1Wp7Y

#AppleEvent #iPhone15Pro #ShotoniPhone #EditedonMac

Welcome to the official Apple YouTube channel. Here you‚Äôll find news about product launches, tutorials, and other great content. Apple‚Äôs more than 160,000 employees are dedicated to making the best products on earth, and to leaving the world better than we found it."
9DKDT689uZI,The Inside Guys React to Spurs THRILLING 20-PT Comeback Win vs. Suns | NBA on TNT,"Watch highlights from Inside the NBA with Shaq, Charles Barkley, Kenny Smith and Ernie Johnson and more! Subscribe now to be updated on the latest videos: https://www.youtube.com/nbaontnt?sub_confirmation=1

Connect with NBA on TNT:
Follow NBA on TNT on Twitter: https://twitter.com/NBAonTNT
Like NBA on TNT on Facebook: https://www.facebook.com/NBAONTNT/
Follow NBA on TNT on Instagram: https://www.instagram.com/nbaontnt/?hl=en"
9zAaJM-dKYQ,We need to tell you guys the truth,"I hope this clears up all the confusion and the rumors.

SUBSCRIBE to BRAWADIS ‚ñ∂ http://bit.ly/SubscribeToBrawadis

FOLLOW ME ON SOCIAL
‚ñ∂ Twitter: https://twitter.com/Brawadis
‚ñ∂ Instagram: https://www.instagram.com/brawadis/
‚ñ∂ Snapchat: brawadis

Hi! I‚Äôm Brandon Awadis and I like to make dope vlogs, pranks, reactions, challenges and basketball videos. Don‚Äôt forget to subscribe and come be a part of the BrawadSquad!"
q_3LWQ1Oa8c,"Film blocking views of Las Vegas Strip, Sphere on pedestrian bridges being ripped down","Film that has been added to pedestrian bridges on the Strip ""for safety reasons"" ahead of F1's Las Vegas Grand Prix is being torn off. FOX5's @KimPassoth shares more.
STORY: https://tinyurl.com/2ttwbt2x
  
 For more Local News from KVVU:  https://www.fox5vegas.com/
 For more YouTube Content: https://www.youtube.com/channel/UCpR_4YnLJAphcr0VI5yR5SA"
mGe3kZewOvI,Meet My Girlfriend ‚ù§Ô∏è,"If you‚Äôre struggling, consider therapy with our sponsor BetterHelp. Click https://betterhelp.com/oscar for a 10% discount on your first month of therapy with a licensed professional specific to your needs.

Follow me on:
Instagram -  https://www.instagram.com/0scaremorales/

For Business Inquires email: Oscarmoralesmgmt@gmail.com"
QV8Mm3xtlks,Robocop: Rogue City Is Ridiculously Good,"My GOG Affiliate Link: https://af.gog.com/partner/Gmanlives?as=1676100194
Get 12% off your next SteelSeries order with promo code ""GMAN""
Support me on Patreon: http://tinyurl.com/zd48qvf
Follow me on Twitter: https://twitter.com/Gmanlives
Thumbnail art by Nichols: https://nichols.newgrounds.com/
Outro song: https://store.steampowered.com/app/2111190/MULLET_MAD_JACK/

#gaming #memes #robocop 

0:00 Intro
03:16 Story & Premise
06:54 Fan Service
10:32 Robocop: Human Revolution
13:01 The Missions
17:18 The Combat
20:59 Powers & Abilities
23:05 The Auto 9
28:10 Critique
30:16 Closing Remarks
31:17 Amazing Patrons"
tHFdnJsz9Uc,Tyson Fury v Francis Ngannou: Full Fight Highlights | Main Event | Fox Sports Australia,"Catch all the big moments from Tyson Fury's split decision win over Francis Ngannou!

All the sports you love are back, all in the one place.
Subscribe and üîî  to Fox Sports Australia YouTube üëâ  https://bit.ly/2IySJE1
Get Kayo today: https://kayosports.app.link/zUStr4Cac7

Follow us on social
Facebook: https://www.facebook.com/foxsportsaus
Twitter: https://www.twitter.com/foxsportsaus
Instagram: https://www.instagram.com/foxsportsaus"
DF3Pks-l9tc,We tried CURSED foods.. *it was kinda bad and kinda good*,"Happy Halloweeeeeeen.. if you celebrate! Please enjoy us trying CURSED foods!
Hope you enjoyed, Subscribe for MORE!

My Socials & fun stuff: üß∏
Instagram https://www.instagram.com/miamaples/
Tiktok https://www.tiktok.com/@realiomiamaples
Stickers & Merch https://miamaplesmarket.com/

üß∂My Sewing Supplies: https://miamaplesmarket.com/blogs/mia...
üì∑My Filming Set-up: https://miamaplesmarket.com/blogs/mia...

Thank you so much for being here and watching!
I really hope you enjoyed! üíó

#miamaples #food #taste"
vrPUBaI55Rc,Top 10 Times Matthew Perry Broke the Friends Cast,"Could these bloopers have been any funnier? Welcome to MsMojo, and today we‚Äôre counting down our picks for moments when Matthew Perry took any extra opportunity to make his castmates - and us - laugh. Our countdown includes huge, bingo bango, at the camera, and more! Which is YOUR all time favorite ‚ÄúFriends‚Äù blooper? Let us know in the comments!

Watch more great ""Friends"" videos here: 
Top 20 Funniest Friends Bloopers - https://youtu.be/Q82itikVn44 
The Best Friends Blooper of Every Season - https://youtu.be/BTTh_9TLjrY 
Top 20 Unscripted Friends Moments That Were Kept in the Show - https://youtu.be/xgHaliPTafk 

Don't forget to play our Live Trivia games at 3pm and 8pm EST for a chance to win cash! The faster you answer, the more points you get!: https://www.watchmojo.com/play

Have Your Idea Become A Video!
https://wmojo.com/msmojo-suggest

Subscribe for more great content!
https://wmojo.com/msmojo-subscribe

MsMojo is a leading producer of reference online video content of Top 10 Lists, Origins, Biographies, Commentary and more on Pop Culture, Celebrity, Movies, Music, TV, Film, Video Games, Politics, News, Comics, Superheroes. Your trusted authority on ranking Pop Culture.

#MatthewPerry #Friends #ChandlerBing #Sitcom #Comedy"
7csEy0k0pDc,I Melted Every Halloween Candy Together,"HELLO FRIENDS!! Yes, we did something bad. Now, as you guys may know... I love halloween. From the spooky decorations to the costumes, to the candy, oh yes, THE CANDY. From Snickers to Skittles to every Reese's shape imaginable, I am a halloween candy fiend. 

So I had a horrible idea that I decided to act upon: what if we tried to melt every halloween candy together into a single franken-candy... the one candy to rule them all, and in the darkness, satiate my desire for an entire bucket of halloween candy in just one bite? 

Well, I guess we're gonna find out. Because that's what this video is about. 

Big thank you to Mat & StephPat from the Theorists, as well as Danielle & Karla from Escaz√π for being the guest tasters of our franken-candy bar!! You can find them here: 
https://www.youtube.com/@FoodTheory (and their many other channels)
https://www.escazuchocolates.com/

Unfortunately, we are not doing a giveaway for this video because of how delicate the bar is, but we are currently doing a giveaway for a new custom chocolate bar on this short!! https://youtube.com/shorts/Ag39otQXaI8?feature=shared and here is the link to the Google Form! https://forms.gle/LwDxJrBhsogEPVpw6

This video is NOT SPONSORED!

Check out our merch shop here!! https://fiendishbehavior.com 

My Instagram: https://www.instagram.com/safiyany/‚Äã 
My TikTok: https://www.tiktok.com/@safiyany
Tyler's channel: https://www.youtube.com/@tylerwilliams 
Our YouTube Shorts channel: https://www.youtube.com/@safiyashorts

MUSIC
Via AudioNetwork

SAFTY LLC STAFF
Executive Producers: Safiya Nygaard & Tyler Williams
Head of Production: Carey Fiock
Production Manager / Producer: Melissa Douglas
Junior Associate Producer: Ishara Mathews
Production Assistant: Aayanah McCreary
Content Promotions & Video Packaging Manager: Alaina Simmons
Short Form Producer: Myia Lambe
Editor: Andrew Lainhart
Editor: Mandy Padgett
Assistant Editor: Hailey Cox
Graphic Designer: Dayana Espinoza

CHAPTERS:
0:00 Intro
1:59 Buying Every Halloween Candy
6:13 Sorting All Our Candies
7:58 First Layer: Hard Candy
12:28 Second Layer: Chewy Candies
17:04 Third Layer: Our ""Chocolate"" Candies
21:10 Enrobing Our Bars
23:21 Time To Drizzle (Tootsie Time?)
25:00 Our Final Bar & Taste Test
27:13 What Do The People Think? (feat. MatPat & StephPat, and Escaz√∫!)

#candy #chocolate #vlog"
mxRsFggwSP0,Trixie Goes...BRUNETTE?! Trixie Transforms Into Priscilla Presley,"Trixie attempts to transform herself into the iconic Priscilla Presley. Trixie in a brown wig? You'll never be able to unsee it.

Subscribe: https://bit.ly/subtrixie | Make sure to enable ALL push notifications! 
Watch the latest videos: https://www.youtube.com/playlist?list=PLTuL34VKrA9FXhBiF07oO8qxzkz60vmma

Get 10% OFF  Trixie Cosmetics (exclusions apply)  when you sign up for texts: https://trixiecosmetics.attn.tv/p/tEE/landing-page

Executive Producer: Trixie Mattel
Producer: Brandon Lim
Editor: Nick Walker
Post Supervisor: Jess Stevens

Watch More Trixie Mattel:
The Bald and the Beautiful: https://youtube.com/watch?v=j7pCnjaqoIc&list=PLTuL34VKrA9ErMKGYNoe-AsRYV4qM_ocW&playnext=1 
Trixie Cosmetics: https://youtube.com/watch?v=HADQ0ruMwTg&list=PLTuL34VKrA9ExeW7krkM23IavETPzthKa&playnext=1 
Music Videos: https://youtube.com/watch?v=cmQ_1Fc9X8E&list=PLTuL34VKrA9FFhWpicBVUbHf507gwx8as&playnext=1 
Most Popular: https://www.youtube.com/playlist?list=PLTuL34VKrA9H974mTLUXfaUEdu47Lwoh8

Follow Trixie Mattel: 
Instagram: https://instagram.com/trixiemattel‚Äã‚Äã‚Äã‚Äã‚Äã 
Twitter: https://twitter.com/trixiemattel‚Äã‚Äã‚Äã‚Äã‚Äã 
Facebook: https://facebook.com/trixie
TikTok: https://tiktok.com/@trixie

Follow Trixie Cosmetics: 
Instagram: https://instagram.com/trixiecosmetics... 
Twitter : https://twitter.com/TrixieCosmetics‚Äã‚Äã‚Äã‚Äã‚Äã 
TikTok: https://tiktok.com/@trixiecosmetics‚Äã‚Äã‚Äã‚Äã‚Äã

About Trixie Mattel: 
Your favorite world famous drag queen with a passion for makeup artistry, the absolute Legend, Icon, and Star Trixie Mattel! Ages 3 and Up, Accessories Sold Separately, Batteries Not Included

#TrixieMattel #PriscillaPresley #Makeup"
ABRW3GpdR1w,"""BENDY: THE CAGE"" - Official Announcement Teaser","The story untold will finally unfold.
joeydrewstudios.com

¬© 2017-2023 Joey Drew Studios Inc. 
Bendy, Bendy and the Dark Revival, Bendy and the Ink Machine, The Bendy characters, images and logos are trademarks of Joey Drew Studios Inc. All Rights Reserved. Images and logos are trademarks of Joey Drew Studios Inc. All Rights Reserved."
t4ejFV6n4b8,M3 Macbook Pro Impressions: Is It Enough?,"Matte space black laptops are cool, but we got M3, M3 Pro and M3 Max chips as well.

Check out the Apple MacBook Pro M3 at https://geni.us/4bBV

MKBHD Merch: http://shop.MKBHD.com

Tech I'm using right now: https://www.amazon.com/shop/MKBHD

Playlist of MKBHD Intro music: https://goo.gl/B3AWV5

~
http://twitter.com/MKBHD
http://instagram.com/MKBHD
http://facebook.com/MKBHD"
vwSKatRviQo,Marvel Studios‚Äô Loki Season 2 | Mid-Season Trailer,"You won't believe what's coming.

Catch up on Episode 4 of Loki Season 2, before a new episode arrives this Thursday at 6PM PT on Disney+. 

‚ñ∫ Watch Marvel on Disney+: https://bit.ly/2XyBSIW
‚ñ∫ Subscribe to Marvel on YouTube: http://bit.ly/WeO3YJ

Follow Marvel on Twitter: ‚Ä™https://twitter.com/marvel
Like Marvel on Facebook: ‚Ä™https://www.facebook.com/marvel
Watch Marvel on Twitch: https://www.twitch.tv/marvel

Reward your Marvel fandom by joining Marvel Insider!
Earn points, then redeem for awesome rewards.
Terms and conditions apply. 
Learn more at https://www.marvel.com/insider?Osocial=YT&CID=MarvelInsider

For even more news, stay tuned to:
Tumblr: ‚Ä™http://marvelentertainment.tumblr.com/
Instagram: https://www.instagram.com/marvel
Pinterest: ‚Ä™http://pinterest.com/marvelofficial
Reddit: http://reddit.com/u/marvel-official"
0pg_Y41waaE,The new MacBook Pro | Apple,"The new MacBook Pro blasts forward with M3, M3 Pro, and M3 Max, the most advanced chips ever built for a personal computer. With game-changing graphics performance, up to 22 hours of battery life, and a stunning Liquid Retina XDR display, this is a pro laptop without equal. Now in a new color: Space Black.

Learn More: https://apple.co/3MmVVEf

Audio Descriptions: https://apple.co/3QmbNHY

#AppleEvent #MacBookPro

Welcome to the official Apple YouTube channel. Here you‚Äôll find news about product launches, tutorials, and other great content. Apple‚Äôs more than 160,000 employees are dedicated to making the best products on earth, and to leaving the world better than we found it."
INQw5iRweUI,I Stayed in Luxury Tiny Homes,"i love tiny homes!!!!!! --- huge thanks to air up¬Æ for sponsoring this video! seriously, don‚Äôt forget to get yours right now using my code TINY for 10% off all orders: https://airup.link/RyanTrahan"
wt1ViYMN3GM,HIDE & SEEK | OfflineTV Horror Film,"One fateful Halloween night, the streamers of OfflineTV celebrate the season by performing an eerie Korean ritual involving a mysterious doll. They follow the ritual's sadistic instructions and hide around the house, but unwittingly summon a malevolent presence. While split up the friends find themselves in a nightmarish struggle for survival, and must confront the horrifying consequences of their actions.

‚ú® Special Thanks
‚Ä¢ @pokimane - https://twitter.com/pokimanelol

üß° Support us on Patreon
‚Ä¢ Patreon - https://www.patreon.com/offlinetv

üíõ Follow OfflineTV
‚Ä¢ Twitter - https://www.twitter.com/OfflineTV
‚Ä¢ Instagram - https://www.instagram.com/OfflineTV
‚Ä¢ TikTok - https://www.tiktok.com/@offlinetv
‚Ä¢ Reddit - https://www.reddit.com/r/offlineTV
‚Ä¢ Discord - https://www.discord.gg/OfflineTV

üõí Merch & Apparel
‚Ä¢ OfflineTV - https://offlinetv.com

üìù OfflineTV Roster
‚Ä¢ @scarra - https://twitter.com/scarra
‚Ä¢ @LilyPichu - https://twitter.com/LilyPichu
‚Ä¢ @DisguisedToast - https://twitter.com/DisguisedToast
‚Ä¢ @MichaelReeves - https://twitter.com/michaelreeves
‚Ä¢ @QuarterJade - https://twitter.com/QuarterJade
‚Ä¢ @itzmasayoshi - https://twitter.com/ItzMasayoshi
‚Ä¢ @Sydeons - https://twitter.com/Sydeon
‚Ä¢ @yvonnie - https://twitter.com/yvonnie

#OfflineTV #Horror #ShortFilm"
